FIPS,EP_WHITE,EP_AFAM,EP_HISP,EP_ASIAN
17031510300,0.7000000000000001,99.3,0.0,0.0
17031520100,5.8999999999999995,0.0,93.7,0.0
17031590700,11.899999999999999,0.9,69.2,15.6
17031600400,30.9,6.8,6.2,55.4
17031824115,83.89999999999999,1.8,8.3,5.6
17031825303,71.8,6.9,20.0,0.0
17031830007,5.8999999999999995,88.1,6.0,0.0
17031813801,1.4000000000000001,1.6,97.0,0.0
17031830600,40.5,17.8,27.7,10.5
17031830800,72.0,4.4,9.6,11.6
17031830700,35.699999999999996,39.7,13.2,8.9
17031830900,57.3,2.4,31.6,7.6
17031835200,15.299999999999999,7.8,73.7,3.2
17031839900,51.6,1.8,35.5,10.8
17031839700,35.199999999999996,3.6,32.8,25.1
17031839800,47.3,4.5,15.4,32.5
17031834800,1.0999999999999999,92.0,5.5,0.2
17031834700,1.0999999999999999,81.8,14.6,0.0
17031832000,77.4,3.1,8.2,6.3
17031832500,74.5,4.4,11.2,5.0
17031832300,65.60000000000001,8.2,13.0,4.4
17031838300,58.9,23.8,3.0,12.7
17031831800,39.300000000000004,3.3,18.0,35.3
17031831700,44.0,2.7,46.0,6.1
17031835100,2.4,12.5,84.2,0.0
17031835000,1.6,34.3,61.9,2.3
17031843700,62.0,2.9,15.2,5.3
17031220702,40.300000000000004,4.2,51.3,3.5
17031842100,3.5999999999999996,47.4,45.7,1.5
17031843300,6.3,66.3,21.3,1.1
17031824123,73.1,5.8,14.0,4.0
17031804405,9.8,17.0,66.2,7.1
17031831100,43.0,1.4,50.2,2.9
17031831500,28.999999999999996,9.1,55.1,3.1
17031831600,31.3,7.9,56.1,2.8
17031831200,8.0,3.7,87.6,0.0
17031831000,85.2,1.7,7.9,3.8
17031843000,4.8,92.8,2.4,0.0
17031843100,12.4,75.4,11.1,1.1
17031842900,13.8,58.6,4.0,4.2
17031843500,11.0,64.5,23.6,0.9
17031842000,31.7,36.6,8.3,20.7
17031804508,21.9,8.9,56.1,11.5
17031770901,77.3,0.3,9.6,7.5
17031832400,60.8,5.5,26.3,4.1
17031832900,48.1,2.6,7.1,42.2
17031840300,14.499999999999998,1.9,57.6,24.9
17031823805,84.3,1.4,8.9,4.2
17031838600,3.5999999999999996,73.0,14.9,0.2
17031839600,8.0,85.4,5.8,0.0
17031834900,1.0,96.6,0.1,0.0
17031030603,46.300000000000004,23.9,12.0,14.7
17031832200,74.3,2.9,8.0,8.4
17031836700,3.4000000000000004,77.4,19.2,0.0
17031836800,3.6999999999999997,95.2,0.8,0.0
17031836600,36.3,14.6,43.0,1.4
17031833000,80.9,3.8,1.8,8.4
17031842500,0.0,93.5,3.3,2.0
17031841800,1.7999999999999998,81.8,13.9,0.0
17031842800,7.5,0.0,90.6,1.2
17031843800,37.1,40.8,14.9,5.3
17031841000,29.4,34.7,6.0,28.0
17031836500,12.2,86.4,1.1,0.0
17031843900,6.2,86.2,3.4,1.4
17031834200,0.1,99.5,0.4,0.0
17031842200,71.2,7.9,4.7,9.2
17031838000,16.3,61.3,12.8,0.6
17031010702,23.7,36.5,34.6,2.3
17031010503,72.5,15.8,1.2,5.7
17031010502,54.7,15.8,16.8,4.4
17031010701,38.1,20.8,30.6,6.3
17031020902,32.4,19.2,14.7,32.8
17031020302,70.39999999999999,7.0,12.5,8.2
17031020601,49.1,2.3,13.8,21.8
17031020301,78.3,1.8,6.4,9.2
17031760803,66.2,9.7,15.4,3.7
17031530501,1.0,95.3,1.5,0.0
17031530503,0.0,94.2,2.6,0.0
17031650301,14.6,0.8,82.9,0.7
17031650302,5.7,2.4,91.9,0.0
17031530502,0.0,97.3,2.7,0.0
17031803611,33.0,8.8,41.4,12.9
17031831300,0.5,21.6,73.1,1.0
17031831400,14.2,50.8,26.3,8.4
17031837000,9.1,78.8,10.4,0.5
17031842400,1.2,92.8,2.3,2.4
17031832100,50.8,28.4,12.2,3.4
17031020802,25.6,6.7,25.4,32.2
17031020702,41.4,3.5,23.5,30.2
17031020801,35.9,12.9,32.3,14.6
17031040202,30.0,4.2,34.7,19.8
17031040201,73.3,1.5,15.3,8.1
17031040402,73.9,2.7,16.4,3.4
17031031501,34.699999999999996,35.8,11.8,15.1
17031081201,80.7,1.7,5.0,12.0
17031063301,65.0,6.1,14.7,7.9
17031490901,0.0,100.0,0.0,0.0
17031490902,0.0,94.9,4.3,0.0
17031301801,1.7999999999999998,0.0,98.1,0.0
17031700301,18.7,4.8,75.1,1.0
17031301702,1.7999999999999998,0.0,98.2,0.0
17031700401,4.1000000000000005,50.8,42.3,0.9
17031803612,31.3,10.9,41.9,12.7
17031803702,74.4,3.2,7.0,14.4
17031804713,42.1,7.2,8.2,41.4
17031804309,33.6,2.2,57.0,6.8
17031804510,13.0,4.8,73.8,8.0
17031837100,14.7,49.3,31.7,0.3
17031837400,4.9,78.5,15.2,0.0
17031837800,18.0,62.4,13.9,5.7
17031837300,3.1,94.3,0.8,0.2
17031841500,4.3,91.4,4.0,0.0
17031838700,6.6000000000000005,77.0,16.5,0.0
17031150501,57.3,0.3,24.3,11.5
17031150401,57.9,0.9,29.1,10.1
17031150502,49.8,2.7,35.8,10.9
17031110502,59.8,3.0,21.3,13.4
17031150402,46.300000000000004,5.1,41.7,4.7
17031140302,40.1,6.3,34.1,15.1
17031140301,10.7,1.8,56.5,28.2
17031700302,21.6,12.6,65.0,0.0
17031580501,12.6,2.0,72.4,10.9
17031580502,6.800000000000001,0.2,85.8,6.8
17031730201,1.9,92.3,2.8,0.3
17031301802,3.0,0.4,96.6,0.0
17031440101,0.1,95.9,0.8,0.8
17031301701,9.700000000000001,0.0,88.0,2.2
17031804509,23.9,2.3,65.7,7.2
17031804511,14.799999999999999,3.6,69.1,12.4
17031804609,44.6,1.2,2.5,44.5
17031804608,43.0,2.6,12.4,33.2
17031806202,68.30000000000001,2.8,16.3,6.6
17031839100,41.9,10.7,14.4,30.1
17031833100,61.0,5.9,7.2,22.5
17031838100,35.0,55.1,5.5,4.4
17031833300,41.199999999999996,4.2,8.7,36.7
17031838200,32.7,26.8,19.4,17.4
17031140702,24.9,1.2,65.8,7.2
17031140602,17.9,8.2,60.2,11.0
17031140701,21.4,3.6,51.9,19.5
17031160502,28.000000000000004,2.3,55.0,9.5
17031160602,45.1,1.9,38.2,7.2
17031151002,24.4,1.4,71.4,1.6
17031151001,23.1,0.0,72.7,3.7
17031190402,26.900000000000002,0.6,68.0,2.2
17031431301,4.7,92.1,1.5,0.9
17031431302,1.3,84.5,14.1,0.0
17031460302,6.2,81.8,3.7,0.0
17031460301,1.7000000000000002,67.0,29.6,0.3
17031700501,2.9000000000000004,81.8,8.9,1.1
17031700502,4.3999999999999995,82.9,11.1,0.0
17031210601,37.9,1.9,40.5,16.4
17031812302,70.5,11.1,8.9,5.0
17031812802,51.9,23.6,7.3,6.2
17031812801,55.400000000000006,27.4,4.9,5.1
17031812301,57.199999999999996,11.7,13.1,10.9
17031813802,9.3,2.3,87.7,0.7
17031813701,3.4000000000000004,6.4,90.2,0.0
17031820603,52.0,8.1,37.0,1.1
17031841100,10.9,3.5,1.3,81.0
17031840200,19.8,0.4,18.5,60.7
17031841300,15.9,4.8,72.2,3.3
17031840700,16.6,3.7,75.6,3.0
17031841700,10.299999999999999,31.3,54.1,0.0
17031190602,19.0,1.6,76.9,0.2
17031190401,22.8,4.9,63.3,8.4
17031190702,10.5,6.9,82.6,0.0
17031191302,5.2,0.6,94.3,0.0
17031190601,14.499999999999998,1.9,83.7,0.0
17031191301,3.5999999999999996,3.1,82.8,7.5
17031200402,18.9,1.3,75.4,3.5
17031200401,6.7,7.8,83.7,0.0
17031220902,27.0,1.9,68.2,1.8
17031210501,31.6,2.9,54.0,7.8
17031160601,58.199999999999996,1.1,27.6,9.8
17031061901,69.0,7.8,13.8,6.1
17031840800,1.0999999999999999,1.6,97.3,0.0
17031030703,55.1,14.0,17.7,8.8
17031081403,54.900000000000006,1.6,4.4,35.5
17031030702,53.900000000000006,4.0,12.9,27.8
17031440102,1.2,97.1,0.8,0.0
17031440202,0.7000000000000001,94.6,1.3,0.0
17031824113,79.10000000000001,3.4,7.6,4.8
17031825304,82.0,0.3,14.0,3.1
17031830008,7.000000000000001,83.6,2.0,0.0
17031803012,63.5,2.2,19.9,12.3
17031802607,86.7,0.0,8.7,2.9
17031830500,0.5,0.8,98.7,0.0
17031840100,27.0,0.7,6.8,59.0
17031840400,7.199999999999999,0.0,36.5,56.3
17031839200,16.0,56.3,1.7,13.2
17031835500,3.6999999999999997,81.0,12.9,0.0
17031804404,28.299999999999997,1.2,64.9,4.7
17031804804,56.3,4.8,15.0,19.9
17031070101,78.4,2.1,10.5,3.9
17031110501,45.7,5.3,30.5,15.9
17031030104,58.3,8.6,15.0,16.1
17031081401,65.2,2.6,7.6,22.2
17031430102,3.9,90.0,1.8,0.0
17031770902,77.3,0.2,16.0,4.0
17031824121,83.7,1.2,12.2,0.5
17031430101,0.3,96.2,2.7,0.7
17031804109,78.60000000000001,1.7,4.8,6.9
17031804611,70.3,1.3,8.4,18.4
17031824004,90.0,1.5,2.5,5.1
17031824006,87.0,3.1,6.6,0.9
17031252101,1.0999999999999999,92.2,1.8,0.0
17031010501,67.30000000000001,20.2,5.9,5.5
17031020701,62.0,10.1,15.2,10.0
17031010201,19.0,35.7,24.4,3.4
17031760801,42.9,5.2,8.9,38.9
17031839000,60.5,9.0,9.7,17.4
17031440201,0.0,98.4,0.0,0.0
17031540101,0.2,92.1,5.2,0.0
17031802004,42.8,1.9,9.4,43.0
17031802003,57.8,7.1,18.6,15.3
17031803013,79.5,2.8,7.3,4.3
17031802608,78.9,3.4,8.8,8.3
17031803015,78.7,0.3,10.1,8.2
17031803014,65.7,0.8,22.8,5.8
17031834000,0.0,93.0,0.0,0.0
17031833900,1.5,47.1,49.4,1.7
17031221000,39.2,5.0,51.8,1.5
17031221100,45.7,6.4,38.4,3.6
17031242800,76.2,0.4,21.8,1.6
17031242900,63.4,3.3,20.7,6.9
17031243000,56.699999999999996,0.9,24.5,9.9
17031243100,48.699999999999996,2.1,37.7,4.7
17031243200,56.49999999999999,7.3,21.8,10.9
17031243300,64.1,2.2,19.4,5.3
17031243400,61.8,2.5,26.1,5.3
17031071400,83.7,5.2,4.3,3.8
17031110400,60.699999999999996,0.9,24.1,9.7
17031150600,47.3,1.8,44.6,4.4
17031150700,45.1,1.3,49.9,3.7
17031150800,35.8,2.5,53.0,1.2
17031151100,34.599999999999994,1.1,58.7,4.5
17031151200,48.8,0.0,43.9,5.9
17031241500,72.8,0.9,11.8,5.4
17031241100,56.3,7.6,29.2,2.4
17031241600,70.3,0.9,19.1,4.9
17031241300,68.5,6.5,15.5,7.8
17031241400,74.6,6.1,7.1,6.5
17031243500,64.9,13.1,13.5,5.4
17031250200,2.7,44.2,52.7,0.0
17031250300,6.0,63.1,25.9,2.9
17031250400,3.5000000000000004,75.5,21.0,0.0
17031250500,37.5,23.2,34.7,1.2
17031071500,85.9,1.9,3.9,6.5
17031071800,79.0,7.4,7.3,5.3
17031080100,84.8,0.7,4.1,6.4
17031080300,69.5,0.6,10.8,15.5
17031080400,31.3,47.3,3.2,10.4
17031160100,54.400000000000006,0.0,23.7,19.3
17031160200,63.0,2.6,26.4,5.1
17031160300,56.89999999999999,5.4,14.9,18.1
17031160400,51.9,3.4,34.0,6.6
17031160700,38.5,3.7,39.2,16.0
17031221300,44.4,3.7,42.2,5.5
17031221500,50.3,12.6,34.5,0.3
17031221400,50.5,3.0,27.7,8.3
17031250600,0.4,78.3,21.3,0.0
17031250700,1.7000000000000002,73.9,22.7,0.0
17031250800,0.3,84.9,13.3,0.2
17031251000,0.0,70.7,29.3,0.0
17031251100,0.2,69.7,28.5,0.0
17031051400,61.9,8.8,11.8,15.2
17031060100,74.8,0.2,11.3,8.1
17031060300,74.8,1.9,14.9,6.0
17031060800,64.3,3.6,12.0,14.4
17031160800,30.9,0.6,60.8,3.9
17031819200,37.8,3.4,55.7,2.1
17031815600,72.5,2.6,20.4,1.5
17031818000,33.4,36.1,22.0,5.6
17031812000,84.8,1.9,5.2,4.6
17031829402,19.6,65.7,5.7,0.5
17031320101,52.900000000000006,5.6,10.2,22.6
17031829904,43.9,48.3,3.2,2.3
17031804204,72.6,2.6,4.2,13.1
17031804316,55.60000000000001,0.4,17.9,25.0
17031804514,50.3,1.8,13.6,33.5
17031330103,58.199999999999996,29.1,1.8,8.8
17031380600,11.200000000000001,82.0,3.3,2.0
17031330102,45.9,26.7,7.0,14.6
17031330101,55.400000000000006,2.9,9.3,24.8
17031460800,0.8,63.6,35.3,0.3
17031806005,15.6,6.7,33.1,42.9
17031806006,51.5,0.8,8.0,34.4
17031804203,59.4,0.0,0.0,36.6
17031803614,29.7,6.0,55.1,6.6
17031803616,64.9,9.9,10.8,12.0
17031809402,58.4,3.9,5.4,25.1
17031828508,11.1,65.1,18.5,0.0
17031828507,16.400000000000002,61.8,6.6,0.0
17031824126,87.9,0.1,5.8,4.6
17031824508,83.89999999999999,4.4,6.3,1.6
17031824509,82.19999999999999,5.8,8.1,3.3
17031824127,81.69999999999999,2.0,12.3,1.8
17031824125,82.69999999999999,1.2,15.1,1.0
17031824124,55.1,21.8,10.8,7.1
17031824129,87.2,4.4,4.3,2.8
17031824128,89.2,6.3,2.5,0.7
17031829903,10.100000000000001,83.8,2.7,0.9
17031804313,32.2,5.5,30.3,17.6
17031804312,47.0,0.0,2.6,50.4
17031820203,69.8,0.0,18.7,4.4
17031820204,77.10000000000001,0.0,18.3,3.1
17031630600,4.8,5.8,87.4,2.0
17031490200,2.8000000000000003,91.8,0.4,1.0
17031612200,2.1,30.8,64.3,2.8
17031844700,2.1999999999999997,76.0,20.6,0.0
17031844600,4.7,89.8,0.9,0.0
17031803613,9.1,2.4,83.7,4.6
17031803615,54.400000000000006,5.0,7.3,22.4
17031804314,60.9,0.0,17.5,19.5
17031804512,46.2,13.2,7.0,31.1
17031804315,54.50000000000001,0.0,17.2,16.8
17031804513,58.699999999999996,7.9,12.8,20.6
17031320102,58.599999999999994,1.0,11.4,25.6
17031809401,73.2,3.0,12.6,9.0
17031220701,34.9,2.4,58.4,1.7
17031063302,82.39999999999999,3.3,4.3,8.3
17031252201,3.5999999999999996,94.0,2.1,0.2
17031660302,0.5,12.1,87.4,0.0
17031660301,1.9,29.1,68.9,0.0
17031730202,1.7000000000000002,97.5,0.8,0.0
17031813302,2.1,3.7,94.3,0.0
17031813702,4.0,14.6,81.4,0.0
17031813301,3.9,1.6,94.4,0.0
17031802403,84.1,0.0,4.5,10.1
17031803016,40.9,4.9,3.8,47.7
17031803701,71.0,1.1,11.5,13.1
17031804108,36.4,13.5,9.7,36.1
17031804715,18.4,1.8,36.3,43.6
17031835600,0.0,93.1,5.5,0.1
17031840000,37.4,0.9,16.5,43.5
17031836400,2.9000000000000004,85.3,6.5,0.8
17031836100,2.8000000000000003,89.6,0.7,0.0
17031834600,1.2,85.5,12.5,0.0
17031843600,4.7,84.9,5.5,0.0
17031061902,72.5,6.0,6.2,13.6
17031030102,35.6,14.8,12.1,35.5
17031030103,48.9,13.9,19.5,12.8
17031030706,60.8,14.3,4.1,16.4
17031030601,40.9,25.2,6.4,21.3
17031081202,83.7,3.3,3.8,2.2
17031063303,77.5,1.1,2.0,17.6
17031220901,16.7,14.3,67.5,0.3
17031210602,30.4,3.6,56.1,4.4
17031220602,57.699999999999996,7.0,24.7,7.7
17031220601,53.7,5.1,32.9,3.8
17031040401,57.699999999999996,2.8,23.1,8.7
17031252202,0.8,95.4,1.5,2.0
17031252102,0.0,75.4,19.3,0.0
17031770601,76.7,1.0,12.9,9.3
17031806103,59.5,1.5,20.9,14.6
17031802610,70.89999999999999,1.3,3.4,22.7
17031802609,42.6,0.3,44.1,11.3
17031804610,69.19999999999999,0.8,7.7,21.5
17031770201,66.3,2.5,14.9,13.9
17031804308,55.400000000000006,8.3,19.3,13.9
17031820605,29.5,44.3,14.2,9.8
17031836300,37.3,45.8,3.3,6.5
17031834500,1.3,93.0,0.0,0.0
17031836000,3.9,91.1,1.5,0.6
17031836200,57.699999999999996,9.0,9.1,19.8
17031834400,11.3,72.1,2.9,1.5
17031834300,0.0,93.2,0.8,0.9
17031825600,11.5,72.0,14.4,1.3
17031811302,14.7,5.4,77.9,1.3
17031802802,74.7,0.6,7.9,14.3
17031829700,27.500000000000004,58.7,7.5,3.3
17031830003,3.1,88.9,3.4,0.0
17031823703,65.60000000000001,3.2,24.7,3.6
17031829800,38.0,52.5,1.4,0.8
17031804607,65.0,1.2,11.2,18.6
17031823901,84.39999999999999,4.0,4.5,0.5
17031804709,44.2,2.6,25.0,21.9
17031826800,10.8,31.5,55.1,0.0
17031710300,0.0,94.1,2.3,0.0
17031160900,60.0,2.4,21.7,12.0
17031161000,67.9,1.8,22.2,7.1
17031161100,67.60000000000001,6.4,17.9,2.6
17031161200,27.800000000000004,3.0,56.2,9.4
17031161300,34.9,0.7,57.6,3.9
17031170100,82.69999999999999,3.9,9.7,3.8
17031221600,63.9,1.1,21.2,9.7
17031242100,63.6,0.5,18.9,5.7
17031242000,49.1,23.0,9.6,11.8
17031251200,0.3,66.1,33.5,0.0
17031251300,2.6,84.4,11.4,0.0
17031051300,66.4,7.7,17.1,1.5
17031600700,23.3,0.0,20.0,52.7
17031600900,29.799999999999997,6.6,23.4,38.1
17031821200,16.900000000000002,49.7,33.3,0.0
17031672000,0.0,82.5,14.8,0.0
17031710900,0.0,92.0,6.4,0.5
17031711000,2.5,93.3,2.4,1.8
17031711100,0.0,96.8,2.9,0.0
17031711200,0.7000000000000001,83.6,11.0,0.0
17031711500,0.0,95.9,1.5,2.6
17031711300,1.9,92.2,0.0,5.9
17031711400,0.3,93.2,4.3,0.0
17031270500,1.0,99.0,0.0,0.0
17031271200,8.5,88.1,2.5,0.9
17031271300,0.7000000000000001,88.6,3.5,0.3
17031271400,15.7,73.1,3.6,0.0
17031350100,6.2,29.3,0.0,60.2
17031350400,0.5,94.6,4.9,0.0
17031351000,3.5000000000000004,78.7,5.1,8.1
17031351400,7.5,69.8,12.6,0.0
17031360200,0.0,97.7,0.0,2.2
17031430400,3.5000000000000004,89.8,2.0,0.0
17031430600,0.8999999999999999,91.1,3.5,0.3
17031430800,0.0,98.6,1.4,0.0
17031430500,0.3,96.9,1.3,0.0
17031430900,0.7000000000000001,97.7,0.0,0.1
17031610300,2.8000000000000003,7.4,87.1,1.2
17031681000,0.1,95.1,1.8,0.0
17031681100,0.2,98.9,0.1,0.1
17031680500,3.6999999999999997,70.3,26.1,0.0
17031803400,79.4,7.1,4.6,2.7
17031803500,90.2,0.4,3.6,4.2
17031803604,64.7,2.9,14.5,14.5
17031680900,1.5,91.7,0.9,2.5
17031803607,80.10000000000001,0.9,11.1,3.9
17031809500,63.800000000000004,7.6,5.5,18.6
17031809600,38.9,34.1,13.3,5.3
17031809700,40.8,30.0,17.6,6.2
17031809800,64.2,13.5,4.3,9.0
17031809900,71.8,3.6,7.7,11.7
17031810000,80.5,3.6,4.2,7.5
17031825501,5.800000000000001,89.3,3.7,0.9
17031720100,52.300000000000004,31.0,12.5,2.0
17031824400,59.0,21.9,15.0,1.5
17031720200,42.6,47.7,7.1,0.5
17031720300,62.3,28.6,5.5,0.3
17031720400,77.5,8.3,12.3,0.4
17031720500,87.3,1.9,9.9,0.8
17031720600,77.2,21.2,0.7,0.0
17031720700,23.599999999999998,59.6,1.7,1.8
17031040600,75.2,5.0,15.3,0.9
17031040700,71.1,3.3,7.8,11.3
17031040800,70.19999999999999,1.8,19.0,4.8
17031816900,2.8000000000000003,57.5,35.5,2.3
17031817000,3.5999999999999996,67.4,27.8,0.7
17031817101,4.1000000000000005,81.7,12.5,0.1
17031817102,4.3,82.6,7.5,0.2
17031825801,3.9,85.8,3.9,0.0
17031825802,1.7000000000000002,89.3,8.1,0.6
17031825803,6.4,83.6,4.4,0.0
17031825900,6.9,59.4,33.4,0.0
17031826000,15.5,31.3,50.3,0.0
17031380100,1.6,92.8,2.0,0.1
17031380200,8.7,83.4,1.0,0.0
17031431200,0.6,98.0,0.0,0.0
17031431400,5.4,88.3,3.6,1.4
17031803902,70.3,0.6,24.9,1.9
17031804000,68.10000000000001,0.2,27.1,2.9
17031804104,68.8,0.3,2.0,25.7
17031810100,67.4,7.8,12.2,7.5
17031810200,31.3,38.9,21.8,5.4
17031810301,30.2,25.4,34.2,8.8
17031050100,87.1,2.8,5.9,1.6
17031610800,62.7,0.0,22.0,11.5
17031611300,3.8,8.7,87.4,0.0
17031611400,1.2,0.0,98.7,0.0
17031611500,4.6,9.9,85.5,0.0
17031611900,0.0,60.4,39.6,0.0
17031681200,4.8,83.9,2.3,0.0
17031810302,57.3,18.6,9.1,5.9
17031810400,90.0,1.0,2.7,2.9
17031810701,58.199999999999996,0.0,37.6,3.9
17031810702,53.2,2.6,37.4,4.5
17031810600,59.4,1.3,24.9,13.2
17031817200,2.1999999999999997,73.0,22.6,0.4
17031817400,10.4,19.3,64.3,3.1
17031817600,6.3,77.5,15.1,0.2
17031691200,0.5,97.7,0.5,0.0
17031691100,0.2,99.2,0.2,0.0
17031730100,2.1,94.9,0.0,0.0
17031730300,0.0,97.9,0.0,0.9
17031730400,3.1,95.1,1.1,0.0
17031817700,1.0999999999999999,76.7,19.6,0.6
17031818100,57.099999999999994,9.1,24.0,6.8
17031826100,13.900000000000002,66.1,19.8,0.0
17031826301,2.8000000000000003,88.9,3.7,0.4
17031826303,5.4,93.0,1.4,0.0
17031826304,6.7,85.7,0.0,0.0
17031730500,0.3,99.7,0.0,0.0
17031730600,1.0999999999999999,97.6,0.6,0.0
17031802801,73.1,2.4,14.6,6.2
17031381200,2.9000000000000004,93.5,0.0,0.0
17031381400,1.4000000000000001,84.1,9.0,3.9
17031440300,0.0,90.3,6.3,0.0
17031804706,60.3,0.5,19.4,16.5
17031804710,69.5,1.1,9.2,17.0
17031810800,47.699999999999996,0.9,41.0,5.2
17031810900,57.599999999999994,4.8,33.5,3.4
17031811000,73.5,0.8,20.9,3.8
17031612000,0.0,61.7,37.7,0.6
17031612100,0.2,59.0,40.8,0.0
17031620100,9.4,1.2,82.9,6.5
17031620200,32.6,0.0,65.3,2.1
17031620300,16.7,0.5,81.1,1.7
17031620400,7.9,0.8,86.5,4.5
17031810501,81.69999999999999,1.3,9.9,6.4
17031810502,74.6,0.8,14.5,9.4
17031812200,70.39999999999999,13.7,9.3,2.6
17031818200,36.9,36.0,23.0,3.0
17031818402,55.00000000000001,20.5,20.3,3.8
17031818800,83.6,1.9,12.1,0.7
17031818900,68.10000000000001,3.6,22.1,3.4
17031826402,3.3000000000000003,88.9,2.1,0.4
17031826600,0.7000000000000001,82.6,16.8,0.0
17031826700,4.2,93.0,0.9,0.3
17031826901,4.3,73.4,13.1,0.0
17031826902,1.7999999999999998,63.2,35.0,0.0
17031730700,0.0,99.2,0.0,0.0
17031740100,80.60000000000001,0.7,16.3,1.6
17031740200,80.2,1.2,9.8,1.0
17031740300,89.60000000000001,0.0,8.8,1.1
17031740400,85.3,5.3,5.7,0.7
17031803005,78.7,1.2,14.4,4.7
17031803007,77.4,1.8,10.4,9.8
17031381800,6.0,86.4,2.4,1.4
17031381900,9.2,85.7,2.4,0.0
17031390100,8.7,76.8,4.5,3.4
17031390200,15.1,63.7,4.2,8.1
17031390300,10.7,83.4,1.8,1.7
17031390400,5.5,88.8,1.7,0.0
17031390500,25.1,57.2,6.6,4.2
17031390600,42.9,45.9,1.2,5.0
17031390700,28.799999999999997,53.2,0.7,10.6
17031804711,38.6,14.3,16.3,22.0
17031804806,30.9,17.1,31.2,18.3
17031804808,60.3,3.2,18.9,12.4
17031804809,75.4,3.2,7.0,12.5
17031812400,77.10000000000001,4.1,6.5,4.1
17031812500,58.4,26.4,9.7,1.3
17031440600,0.6,94.9,4.0,0.0
17031440900,9.5,89.6,0.0,0.0
17031440700,0.0,85.2,14.8,0.0
17031440800,0.0,96.1,2.5,0.0
17031819300,70.7,2.5,23.2,1.9
17031819400,67.30000000000001,7.7,24.2,0.1
17031819500,63.800000000000004,10.8,21.9,0.2
17031630300,4.1000000000000005,1.8,92.6,1.6
17031630500,1.9,0.0,97.5,0.6
17031630800,3.2,1.6,94.9,0.3
17031630900,3.1,7.2,88.9,0.1
17031640100,15.4,1.2,83.5,0.0
17031640300,32.2,3.1,63.0,0.0
17031819600,88.5,0.7,8.1,0.6
17031827000,0.8999999999999999,90.8,5.1,0.0
17031827100,0.8999999999999999,71.0,16.5,6.3
17031827200,4.1000000000000005,60.7,33.7,0.0
17031827300,4.6,63.3,14.6,10.3
17031750100,7.3999999999999995,90.5,1.5,0.6
17031750200,30.099999999999998,60.6,4.4,4.1
17031750300,85.8,5.7,3.4,0.2
17031750400,55.800000000000004,24.1,11.5,1.5
17031750500,25.4,62.7,1.1,0.3
17031804901,86.0,1.8,2.5,3.4
17031804902,69.1,1.2,14.1,11.0
17031805001,90.2,0.9,5.7,2.0
17031805002,48.699999999999996,2.5,28.6,14.2
17031819801,88.2,0.5,7.1,1.1
17031819802,90.3,0.0,5.0,2.3
17031819900,92.80000000000001,0.1,4.8,1.5
17031820000,75.1,0.0,3.3,16.0
17031827400,2.3,81.1,15.7,0.2
17031827600,0.0,93.9,0.0,0.0
17031282700,28.4,35.0,24.1,8.6
17031282800,30.099999999999998,5.7,48.1,13.6
17031400300,3.6999999999999997,87.7,6.6,0.0
17031400500,2.1,96.5,1.4,0.0
17031400800,0.0,99.1,0.0,0.0
17031410100,33.5,41.3,4.3,11.9
17031410500,21.4,50.5,6.4,15.4
17031410600,49.2,18.1,11.2,15.2
17031460100,5.6000000000000005,78.2,10.0,2.6
17031805105,33.1,4.4,41.9,17.5
17031827700,3.5999999999999996,78.9,14.5,0.0
17031827802,6.0,85.8,6.5,0.2
17031827804,11.0,70.8,10.5,0.0
17031450300,0.7000000000000001,95.5,0.0,0.2
17031460200,2.7,38.2,58.5,0.5
17031805106,79.60000000000001,0.1,11.2,5.8
17031805107,34.300000000000004,8.8,32.1,21.6
17031805108,38.5,7.6,33.2,19.9
17031640400,53.5,1.5,44.6,0.0
17031640500,52.900000000000006,1.2,41.5,1.0
17031640600,34.699999999999996,1.4,61.8,2.1
17031640700,23.7,1.9,74.2,0.2
17031640800,19.0,0.9,78.1,2.0
17031650100,7.1,0.6,92.0,0.0
17031650200,21.8,0.0,75.8,2.4
17031811401,34.0,0.9,57.4,5.7
17031811301,26.400000000000002,2.5,69.5,0.9
17031750600,1.2,93.4,4.6,0.0
17031812600,46.9,32.9,7.4,7.9
17031803008,68.5,2.4,8.7,18.6
17031805110,83.7,0.1,11.3,3.3
17031805111,41.099999999999994,9.0,30.4,15.1
17031805112,47.0,3.9,16.8,30.3
17031805201,62.2,1.6,2.9,30.6
17031820300,14.399999999999999,1.2,76.2,5.6
17031820400,7.8,18.0,71.4,2.1
17031820902,35.8,0.0,60.9,1.8
17031821001,39.6,1.9,52.7,5.3
17031827805,8.7,84.9,0.0,0.0
17031828000,36.4,30.4,24.9,1.3
17031828100,33.4,44.8,21.3,0.3
17031828202,28.9,55.1,10.9,0.9
17031283100,23.1,21.0,19.4,32.6
17031283800,25.7,59.4,5.7,9.0
17031410700,48.9,21.8,6.7,15.7
17031410800,45.2,19.4,9.1,18.1
17031829000,0.2,93.3,6.5,0.0
17031410900,55.300000000000004,22.6,7.9,8.8
17031411000,41.699999999999996,32.3,5.1,12.6
17031411100,57.8,4.3,4.6,21.1
17031411200,61.6,6.4,6.5,16.7
17031460400,0.7000000000000001,95.7,0.0,0.3
17031460500,5.3,94.4,0.0,0.0
17031461000,5.1,63.6,29.9,0.0
17031829200,19.900000000000002,29.1,49.1,0.2
17031829301,38.0,42.7,14.6,0.0
17031829302,10.9,48.9,40.1,0.0
17031829401,0.0,74.7,25.3,0.0
17031805202,58.5,2.4,4.6,29.8
17031805301,46.6,0.0,7.4,41.6
17031805302,61.8,0.6,6.6,29.6
17031805401,64.2,2.1,17.5,15.1
17031770400,65.2,2.6,21.2,8.3
17031800100,92.30000000000001,2.2,1.4,1.4
17031800300,89.1,0.0,2.1,2.0
17031812900,72.2,15.0,7.7,2.2
17031813000,59.8,18.3,12.1,3.0
17031813100,44.9,21.7,11.9,13.9
17031800500,92.7,0.0,1.5,1.5
17031821101,57.99999999999999,1.1,36.0,2.1
17031821102,33.900000000000006,1.1,53.7,3.2
17031821300,14.499999999999998,33.8,47.2,1.6
17031821002,58.699999999999996,2.6,36.6,1.7
17031828401,52.800000000000004,33.8,5.8,0.6
17031828402,29.2,52.9,13.3,1.4
17031828504,21.7,54.2,14.3,0.0
17031420100,2.1,92.1,2.6,0.3
17031420200,21.2,62.7,3.6,7.4
17031420400,20.599999999999998,45.5,15.7,15.3
17031420700,0.1,93.5,2.3,0.0
17031805402,65.4,1.0,8.9,22.2
17031805501,79.7,2.3,10.9,2.1
17031829600,52.1,17.3,24.7,1.1
17031420800,4.0,88.0,0.0,0.0
17031470100,1.7999999999999998,90.0,4.9,0.0
17031480100,0.0,98.4,0.3,0.0
17031480200,0.0,91.2,4.3,0.0
17031480300,0.4,92.9,5.6,0.0
17031480400,0.0,99.0,0.5,0.3
17031805502,92.80000000000001,0.1,3.6,1.7
17031805600,88.5,0.0,5.6,4.9
17031830001,63.1,4.4,21.5,4.6
17031830006,19.8,69.2,0.7,9.5
17031650400,3.5999999999999996,1.9,93.8,0.7
17031650500,20.5,12.2,65.6,0.0
17031660400,2.4,1.9,95.7,0.0
17031800600,84.2,0.0,4.4,3.0
17031801000,75.1,0.0,0.8,20.3
17031801100,89.7,0.0,1.5,4.3
17031801200,92.60000000000001,0.0,2.3,2.0
17031811402,33.300000000000004,1.7,58.1,5.2
17031813400,14.000000000000002,3.2,81.2,1.2
17031813200,64.5,8.9,13.3,6.6
17031821401,0.8999999999999999,92.9,2.1,0.0
17031805702,84.39999999999999,0.0,4.0,4.9
17031805802,87.7,0.8,5.3,4.9
17031821402,0.6,86.2,1.5,0.0
17031821600,33.900000000000006,47.1,16.2,1.1
17031821700,69.19999999999999,13.4,13.1,3.2
17031290900,1.5,97.6,0.4,0.0
17031291200,0.1,95.8,4.1,0.0
17031421200,0.2,95.2,0.3,0.0
17031806001,49.0,5.8,11.2,33.4
17031801300,80.0,0.9,6.1,8.4
17031801400,67.7,2.1,7.9,17.2
17031801603,47.9,13.8,2.2,29.1
17031801701,78.5,0.0,5.7,13.4
17031806004,50.5,1.1,17.0,30.3
17031806300,66.5,3.0,22.2,3.9
17031806400,65.10000000000001,1.9,20.3,8.7
17031806501,28.199999999999996,5.3,51.1,9.3
17031271500,2.7,82.7,7.8,0.0
17031292200,2.8000000000000003,74.4,13.5,0.8
17031292400,19.6,77.4,2.9,0.1
17031292500,0.8,76.3,17.0,0.0
17031806700,64.4,7.9,10.2,15.3
17031806801,60.0,7.1,5.3,20.0
17031806802,48.8,2.6,27.7,18.0
17031806900,43.5,5.6,11.4,27.2
17031807000,45.9,17.5,11.4,22.1
17031801901,70.39999999999999,0.7,21.5,6.5
17031801902,79.2,0.0,10.1,7.5
17031802100,79.3,0.9,5.1,8.3
17031802200,87.9,0.4,4.2,4.8
17031271800,2.4,95.4,2.1,0.0
17031280100,69.0,2.1,6.8,18.3
17031280400,12.2,79.3,6.8,1.7
17031300600,4.0,12.6,82.1,0.0
17031300700,0.4,0.0,94.9,4.7
17031301100,12.6,3.9,83.4,0.0
17031301200,6.4,15.1,75.4,0.8
17031480500,0.8999999999999999,84.4,13.2,0.0
17031490500,3.8,93.7,0.7,1.4
17031520200,9.1,1.2,87.8,0.0
17031520300,9.4,1.9,88.3,0.0
17031520400,11.200000000000001,1.7,86.6,0.2
17031520500,17.1,0.4,80.5,0.9
17031520600,10.5,0.0,89.5,0.0
17031660500,6.0,4.2,89.5,0.3
17031660600,1.2,37.6,56.3,0.0
17031660700,0.0,89.3,10.4,0.3
17031660800,0.6,51.2,44.9,0.8
17031660900,2.6,68.8,27.0,0.0
17031661000,2.1,65.4,24.9,0.7
17031802300,72.3,0.6,4.1,16.7
17031802402,53.400000000000006,2.0,28.3,15.9
17031802503,61.6,1.2,20.1,15.8
17031802504,35.4,0.3,43.8,14.4
17031280900,9.4,77.2,2.4,9.2
17031301600,3.6999999999999997,3.2,92.1,0.0
17031490600,10.7,85.8,2.5,1.0
17031490700,0.2,96.3,2.8,0.0
17031490800,1.4000000000000001,96.3,0.9,0.2
17031491000,0.0,96.7,2.6,0.0
17031491100,1.5,93.4,1.9,0.0
17031530200,3.5999999999999996,82.1,13.5,0.0
17031530300,0.6,95.8,0.0,0.0
17031530400,2.1,92.4,3.5,0.0
17031530600,0.0,96.2,0.7,0.0
17031560100,11.899999999999999,17.7,51.9,18.1
17031670200,0.0,98.8,1.2,0.0
17031670300,4.1000000000000005,75.2,20.6,0.0
17031670400,1.0999999999999999,74.6,23.6,0.0
17031661100,4.0,28.5,63.5,0.3
17031670100,1.2,64.5,34.3,0.0
17031670600,0.3,65.5,33.1,0.0
17031670700,0.0,55.9,37.9,0.0
17031670800,0.7000000000000001,96.7,2.2,0.0
17031670900,5.800000000000001,69.6,24.6,0.0
17031802701,53.0,2.9,19.5,19.0
17031802702,60.6,1.9,5.0,30.2
17031260900,8.0,86.2,4.3,0.0
17031261000,0.0,94.0,6.0,0.0
17031281900,48.199999999999996,5.2,12.3,31.1
17031310200,35.5,5.0,40.0,14.9
17031310300,17.4,2.9,76.2,1.8
17031310400,22.900000000000002,0.4,67.7,2.7
17031310500,13.4,0.8,85.2,0.7
17031491200,4.0,87.4,6.6,0.0
17031491300,0.5,98.7,0.8,0.0
17031491400,0.6,92.0,0.8,0.0
17031500100,1.4000000000000001,96.8,1.8,0.0
17031500200,2.1,85.4,5.5,0.0
17031500300,42.6,31.8,22.3,0.3
17031560200,2.6,44.8,42.5,3.0
17031560300,22.7,4.1,71.6,0.5
17031560700,34.2,0.0,63.3,1.7
17031560800,42.1,0.0,56.7,0.3
17031560900,49.7,0.0,46.1,1.4
17031561000,57.099999999999994,0.0,42.9,0.0
17031801702,80.0,0.0,6.0,11.4
17031030101,37.5,25.9,10.1,21.6
17031030701,44.4,35.1,12.2,6.9
17031070103,72.7,7.4,8.3,8.1
17031807100,73.4,5.2,9.7,8.9
17031807200,47.9,12.3,13.8,23.6
17031807300,38.9,8.1,4.6,43.8
17031807400,44.1,15.2,8.6,24.8
17031807500,45.2,6.1,11.2,35.2
17031807700,42.199999999999996,11.0,17.0,26.3
17031807900,60.099999999999994,6.0,12.1,19.1
17031808001,56.00000000000001,1.2,11.4,30.0
17031808002,67.2,3.0,5.9,21.4
17031808301,53.0,1.0,6.6,36.6
17031808302,48.3,2.1,4.2,40.2
17031808600,78.8,1.3,5.2,10.3
17031808702,57.199999999999996,7.6,12.1,21.1
17031770202,74.0,0.4,19.5,5.6
17031770602,42.5,1.1,45.6,7.3
17031806104,45.5,14.3,18.1,19.2
17031802506,37.4,0.4,50.7,9.9
17031802505,35.9,2.9,42.4,18.4
17031802404,50.1,2.2,35.3,9.5
17031803017,63.3,0.7,20.7,14.4
17031804714,65.5,0.5,11.5,21.1
17031804403,35.699999999999996,4.3,47.6,10.6
17031804406,23.400000000000002,6.4,50.6,11.1
17031804716,41.9,2.1,14.2,39.8
17031806201,57.599999999999994,4.5,23.4,14.2
17031820606,72.2,2.7,16.8,1.9
17031820604,86.7,0.1,11.7,0.0
17031824116,68.0,5.4,21.9,4.4
17031824114,75.6,3.5,3.3,15.3
17031823806,74.4,4.4,10.8,6.0
17031824003,85.6,0.3,11.4,0.6
17031824005,90.3,0.5,5.8,2.3
17031824122,83.8,2.0,9.3,2.5
17031804506,61.3,2.3,16.6,16.3
17031824119,83.8,6.1,5.9,3.2
17031831900,76.8,2.3,11.6,5.5
17031832600,86.7,0.9,3.7,3.6
17031836900,2.8000000000000003,80.4,12.7,0.0
17031841200,16.6,1.8,79.1,1.1
17031839500,12.5,52.8,19.1,5.0
17031835800,0.0,88.7,9.6,0.0
17031838800,2.0,62.5,34.9,0.0
17031842300,65.60000000000001,14.3,7.2,7.2
17031841900,47.8,14.9,12.0,21.4
17031843200,32.0,3.1,60.7,1.5
17031843400,1.2,56.7,42.0,0.0
17031842600,39.0,6.8,37.5,11.7
17031803200,85.8,0.1,4.7,6.0
17031803300,81.0,2.2,7.0,8.8
17031808900,87.0,1.2,4.8,4.1
17031809000,85.9,5.0,5.3,1.2
17031301803,1.2,0.0,98.8,0.0
17031809100,83.89999999999999,3.0,3.0,3.9
17031809200,12.6,62.0,10.1,3.1
17031809300,55.800000000000004,9.4,14.7,14.6
17031010300,50.7,23.4,16.9,5.4
17031010400,74.9,7.9,8.5,4.8
17031010600,55.50000000000001,20.1,14.0,3.7
17031020100,24.6,38.7,26.2,4.3
17031280800,7.199999999999999,77.5,8.0,0.0
17031420300,38.4,31.6,7.0,17.4
17031806600,66.4,0.8,21.0,11.4
17031806502,52.300000000000004,3.6,35.5,7.7
17031805902,65.8,1.4,6.8,20.2
17031100200,62.7,2.1,27.8,5.5
17031804805,63.2,0.9,16.0,15.9
17031020200,45.5,6.9,29.7,12.8
17031804202,60.3,0.1,2.5,33.9
17031804701,37.5,9.3,28.0,24.3
17031803605,61.7,7.5,19.6,10.6
17031130200,50.9,1.0,33.9,11.9
17031804306,34.8,2.7,54.9,5.9
17031020400,33.7,19.0,35.3,8.8
17031080202,83.7,1.6,8.1,5.6
17031240200,65.5,1.8,20.0,5.4
17031824105,72.7,1.5,12.7,10.4
17031611800,0.0,28.6,70.5,0.8
17031060200,73.2,4.8,17.4,1.5
17031221200,61.5,12.9,13.3,4.6
17031826500,5.1,91.9,0.5,0.4
17031825302,73.2,7.8,15.0,1.9
17031824107,69.39999999999999,4.5,25.0,1.1
17031830202,23.1,64.0,10.3,0.5
17031061200,75.8,3.6,12.7,3.4
17031808200,58.5,2.2,11.4,25.7
17031030200,64.4,1.6,23.1,6.5
17031030300,28.199999999999996,20.5,29.0,15.2
17031030400,58.3,5.4,25.2,8.2
17031030900,71.8,3.3,12.4,8.1
17031031000,69.89999999999999,0.8,16.6,9.4
17031823603,0.4,34.3,64.9,0.0
17031822400,71.5,2.9,19.7,3.3
17031815702,55.50000000000001,0.8,38.8,2.4
17031600600,31.5,0.0,20.1,48.3
17031817900,10.2,78.3,10.0,0.6
17031811900,79.2,5.8,5.4,4.3
17031420600,2.3,87.8,0.6,0.0
17031110100,56.10000000000001,0.6,19.8,19.5
17031031400,72.89999999999999,4.7,7.4,10.5
17031040900,81.89999999999999,0.1,13.2,3.1
17031050200,75.0,1.0,14.3,5.4
17031050300,57.4,1.0,17.4,17.1
17031818600,80.0,1.7,12.8,4.3
17031804807,57.49999999999999,0.4,29.0,10.2
17031801800,77.9,3.7,2.5,14.7
17031800400,89.0,0.0,1.7,3.8
17031071700,73.0,11.1,1.8,11.1
17031031800,53.0,4.6,18.3,11.7
17031819000,86.5,0.5,8.5,1.1
17031823903,89.1,2.3,7.5,0.0
17031815701,69.3,0.5,26.7,1.0
17031811600,64.4,1.3,24.0,8.6
17031802900,87.6,0.0,6.4,1.5
17031031700,67.2,15.0,9.9,5.7
17031610400,4.9,1.7,93.4,0.0
17031050600,84.6,0.7,7.3,4.0
17031050500,84.2,0.0,5.2,6.8
17031823904,87.8,0.1,8.4,0.4
17031820103,74.2,2.4,16.2,2.0
17031805801,81.39999999999999,0.0,4.5,5.5
17031071600,81.0,5.0,4.0,7.5
17031828505,23.5,57.8,17.1,0.3
17031830004,8.1,85.6,2.2,3.1
17031828503,17.8,71.9,7.9,0.0
17031802002,77.5,1.2,8.8,9.9
17031826202,19.6,48.3,28.9,0.8
17031671400,0.0,59.4,22.7,0.0
17031801605,68.30000000000001,0.4,11.3,18.8
17031800700,82.19999999999999,0.9,4.6,7.3
17031062300,81.6,0.9,6.5,5.2
17031823102,66.7,2.7,27.0,0.4
17031630400,2.0,1.8,95.6,0.6
17031818401,45.300000000000004,31.3,21.9,0.6
17031822802,76.4,2.8,17.4,2.3
17031827902,13.700000000000001,51.1,21.1,12.3
17031829902,7.5,89.9,1.8,0.0
17031010100,41.099999999999994,31.4,21.5,2.2
17031680600,0.3,99.5,0.0,0.3
17031803010,54.900000000000006,2.3,24.3,14.4
17031804505,61.7,2.4,24.2,8.4
17031804606,70.5,1.1,6.3,19.9
17031804712,52.7,14.6,8.9,22.0
17031807800,63.1,1.1,3.9,25.8
17031808400,58.9,4.3,5.7,25.3
17031811100,65.3,0.0,32.9,0.2
17031030500,59.699999999999996,6.6,20.3,3.0
17031820501,59.8,1.6,34.8,3.3
17031814700,25.3,4.2,62.1,6.1
17031819100,48.0,2.4,48.9,0.0
17031828801,40.0,39.9,10.4,2.6
17031020500,20.4,15.7,15.9,34.6
17031081300,69.8,5.9,6.2,15.9
17031081000,65.2,10.6,8.1,13.7
17031130100,61.7,2.1,5.8,26.7
17031170200,50.3,0.1,46.0,2.2
17031170300,55.300000000000004,0.0,34.9,7.2
17031170400,57.199999999999996,5.0,29.9,4.7
17031170500,59.699999999999996,1.6,28.3,7.0
17031170600,66.9,1.3,22.3,9.3
17031170700,63.5,0.4,31.8,2.1
17031170800,56.89999999999999,1.6,34.0,5.2
17031251400,10.4,84.4,4.5,0.0
17031260300,2.4,85.6,11.9,0.0
17031260500,0.2,97.7,2.0,0.0
17031260600,1.3,95.8,2.6,0.4
17031260700,0.8999999999999999,96.3,2.8,0.0
17031260800,5.8999999999999995,92.5,0.4,0.0
17031050700,85.5,0.0,11.2,0.5
17031050900,73.1,1.9,17.2,2.8
17031051000,72.1,1.9,11.9,9.3
17031051100,67.30000000000001,1.1,19.8,4.2
17031051200,73.3,2.9,9.7,5.7
17031170900,47.199999999999996,0.0,51.8,1.1
17031171000,49.3,5.7,33.6,8.1
17031171100,39.4,3.0,49.5,6.5
17031180100,37.1,5.3,53.0,3.5
17031190100,7.000000000000001,2.9,87.8,1.0
17031222200,81.3,4.1,8.4,3.5
17031222500,59.5,6.1,29.9,2.8
17031222600,53.1,5.0,31.1,5.2
17031251500,1.0,75.0,21.3,1.0
17031251600,7.7,61.8,27.9,0.0
17031251700,2.5,74.1,23.5,0.0
17031251800,0.1,91.9,6.0,0.0
17031251900,1.7000000000000002,91.3,4.3,0.0
17031252000,7.000000000000001,85.4,6.0,0.1
17031130300,34.0,3.2,23.7,35.9
17031190200,13.600000000000001,5.5,75.4,3.5
17031190300,29.099999999999998,3.4,60.9,3.9
17031190800,12.5,4.4,79.4,1.8
17031260100,2.1999999999999997,91.3,5.3,0.3
17031260200,0.5,86.4,12.1,0.0
17031530100,0.6,42.8,49.6,0.0
17031061800,68.89999999999999,2.3,12.5,12.7
17031828201,25.7,52.1,16.4,0.0
17031825000,54.800000000000004,15.0,14.2,9.6
17031824300,4.3,91.4,3.4,0.4
17031824601,74.9,3.7,16.7,1.7
17031818500,79.2,9.0,9.5,2.2
17031823400,27.800000000000004,25.8,45.6,0.4
17031821500,0.8,87.7,5.9,0.0
17031410200,40.300000000000004,29.2,14.2,12.8
17031222900,32.0,5.1,62.1,0.0
17031241000,41.6,4.2,42.7,5.7
17031825400,63.3,6.3,21.5,6.4
17031830005,17.0,78.1,0.3,4.3
17031824505,69.1,3.7,15.7,8.6
17031824800,11.200000000000001,20.9,66.2,1.7
17031803608,74.2,4.2,13.9,5.9
17031190900,11.899999999999999,8.1,74.2,5.8
17031191200,4.0,0.0,96.0,0.0
17031200100,12.7,1.1,74.9,9.7
17031200200,15.0,2.8,78.2,3.7
17031200300,8.9,7.4,81.7,0.0
17031222700,34.2,6.3,53.6,1.9
17031230100,32.2,14.5,42.4,3.1
17031230200,32.4,8.9,55.2,3.2
17031230300,10.5,10.7,78.8,0.0
17031230400,16.8,0.9,76.4,2.2
17031230500,4.5,7.4,80.1,7.9
17031351100,0.0,86.6,10.4,0.0
17031827500,5.800000000000001,33.4,59.8,0.3
17031807600,41.5,6.4,13.8,35.3
17031826201,6.5,83.7,8.7,0.0
17031823001,47.3,11.1,20.3,4.3
17031770500,10.4,0.0,88.9,0.0
17031820202,57.8,1.9,37.5,0.6
17031611700,0.0,30.6,69.4,0.0
17031819700,89.1,0.7,4.2,1.2
17031300500,4.6,1.9,93.5,0.0
17031816100,52.400000000000006,27.1,12.5,4.9
17031818700,72.7,1.9,16.6,1.2
17031817300,2.6,52.5,41.8,0.5
17031381500,1.7999999999999998,94.3,0.0,0.9
17031420500,1.0,97.0,1.6,0.0
17031811500,48.699999999999996,0.0,49.8,1.3
17031081500,55.300000000000004,4.4,5.2,33.1
17031081600,77.2,2.3,4.6,11.5
17031081700,66.4,3.6,12.3,14.0
17031081800,73.0,2.0,11.8,7.1
17031081900,64.5,15.0,9.7,6.8
17031222800,18.7,16.0,63.8,0.4
17031050800,61.199999999999996,3.9,22.8,4.1
17031210100,47.4,2.5,42.2,5.6
17031210400,20.200000000000003,3.3,73.2,2.2
17031230700,7.3999999999999995,9.1,75.1,7.2
17031230800,12.2,5.3,80.0,0.0
17031230900,31.5,10.4,54.5,2.8
17031820502,62.9,5.6,29.5,0.4
17031820901,45.5,0.9,51.6,0.6
17031550200,34.599999999999994,3.8,61.6,0.0
17031823200,59.099999999999994,8.8,23.2,4.8
17031823304,47.9,24.2,25.2,0.0
17031822602,62.1,13.8,13.1,4.3
17031670500,0.8,79.0,20.2,0.0
17031820104,73.0,6.4,15.5,2.4
17031820700,26.900000000000002,0.2,71.2,1.2
17031580800,0.6,0.0,96.0,3.3
17031811800,33.2,3.2,58.9,1.9
17031770300,71.2,5.1,17.2,4.9
17031805109,67.10000000000001,1.0,23.6,6.4
17031804603,35.8,12.4,22.3,25.5
17031230600,10.5,27.1,62.4,0.0
17031242300,71.8,2.1,16.8,3.9
17031242200,78.3,3.7,11.2,2.4
17031032100,53.900000000000006,11.9,19.1,12.5
17031828300,41.0,44.2,13.0,0.4
17031824900,29.5,51.6,17.5,0.0
17031827801,25.3,66.0,4.8,2.4
17031801500,83.8,3.7,2.7,8.4
17031806002,42.8,6.1,7.8,39.7
17031811701,20.7,0.2,74.7,2.1
17031823803,88.8,3.1,5.8,2.3
17031820800,34.1,0.4,64.9,0.3
17031300800,1.4000000000000001,0.0,98.1,0.0
17031060900,77.3,2.0,9.4,6.8
17031061000,68.0,2.1,9.7,17.0
17031210700,43.7,1.0,50.5,2.8
17031817500,13.5,55.3,23.9,1.4
17031818300,12.5,49.7,35.5,1.6
17031291600,18.4,10.1,71.4,0.0
17031400400,2.5,91.5,1.4,0.0
17031816500,14.7,1.5,83.3,0.0
17031805701,82.1,2.0,10.1,3.9
17031804803,59.099999999999994,4.7,18.5,17.3
17031191100,7.199999999999999,3.6,83.8,2.7
17031804105,74.0,3.3,7.7,12.8
17031120100,83.89999999999999,0.1,7.5,6.1
17031804705,40.6,12.2,20.3,21.3
17031803603,68.7,1.0,2.2,24.6
17031820101,84.5,1.8,6.2,5.2
17031611200,7.6,15.0,77.0,0.4
17031300900,3.0,0.0,97.0,0.0
17031061100,77.2,3.3,15.0,1.9
17031061500,80.9,4.1,5.8,4.0
17031062000,77.5,4.3,8.2,3.7
17031062100,77.3,3.8,9.7,8.0
17031062200,76.5,0.9,13.9,6.0
17031827901,8.200000000000001,87.7,1.1,2.3
17031829500,30.5,29.1,37.8,0.0
17031090200,79.9,0.6,14.9,1.3
17031090100,80.2,0.3,14.2,2.7
17031829100,16.7,19.7,63.6,0.0
17031824503,78.0,10.6,7.4,1.8
17031824106,86.2,3.7,7.7,2.4
17031823801,73.9,5.6,6.4,11.1
17031801608,63.3,1.0,2.0,30.2
17031805901,65.10000000000001,1.9,16.2,12.8
17031826401,1.2,95.1,3.1,0.0
17031260400,0.0,86.3,11.6,0.0
17031351500,12.8,66.5,8.0,9.4
17031811200,51.800000000000004,0.0,45.0,2.5
17031770800,52.400000000000006,1.0,41.2,4.4
17031804102,74.8,1.8,1.6,18.8
17031802605,75.3,0.4,3.9,19.0
17031803800,81.3,1.0,8.5,7.0
17031210800,43.3,1.8,47.0,0.2
17031210900,47.099999999999994,3.2,38.7,3.9
17031803901,75.1,1.7,8.1,13.5
17031801601,74.6,7.1,1.7,14.4
17031800900,64.1,0.4,7.3,24.6
17031804305,40.1,5.0,44.9,8.2
17031081100,74.5,8.3,3.6,7.3
17031241200,65.5,6.9,13.1,10.5
17031031200,24.8,37.8,23.0,11.6
17031062500,71.39999999999999,3.5,12.2,11.9
17031062600,74.7,1.7,9.2,8.7
17031062700,81.2,1.4,5.1,5.9
17031062800,80.2,1.5,8.8,4.9
17031062900,70.5,6.3,10.0,5.5
17031063000,77.10000000000001,3.8,8.4,3.8
17031062400,80.2,5.3,8.6,2.6
17031063100,84.89999999999999,0.0,5.3,4.8
17031063200,79.5,5.9,6.7,4.1
17031063400,78.4,4.2,9.0,7.3
17031090300,83.39999999999999,0.0,14.7,0.0
17031100100,66.5,0.0,23.1,7.4
17031100300,79.80000000000001,0.8,13.4,3.2
17031140100,46.300000000000004,3.6,38.7,5.5
17031140200,27.800000000000004,8.6,41.4,19.1
17031140400,42.199999999999996,1.6,30.8,23.8
17031140500,37.2,3.5,36.4,12.9
17031800800,81.6,0.5,11.1,6.2
17031242700,47.3,12.4,36.2,0.7
17031070200,75.5,2.9,10.3,6.9
17031070300,85.8,1.8,4.8,3.5
17031070400,82.8,0.3,5.2,8.0
17031070500,85.39999999999999,3.7,4.4,2.4
17031070600,82.0,0.7,5.5,8.0
17031070700,62.3,8.4,14.3,12.9
17031100400,74.9,0.2,13.0,8.5
17031100600,56.00000000000001,0.0,31.8,9.3
17031100700,74.6,2.0,14.9,7.5
17031110200,51.6,7.1,35.9,5.2
17031150200,53.800000000000004,2.4,30.3,7.4
17031150300,64.9,1.6,23.4,5.1
17031140800,57.9,0.0,32.2,8.1
17031231200,2.0,76.5,16.4,0.0
17031231100,2.1,62.4,35.0,0.5
17031242400,82.0,1.7,9.1,5.4
17031242500,58.4,7.2,28.5,4.1
17031120200,82.8,1.3,3.8,9.1
17031120300,74.2,0.3,9.6,12.6
17031120400,49.5,2.9,25.0,16.1
17031231500,7.3,65.9,24.6,2.2
17031071100,77.7,1.3,10.0,7.7
17031071000,80.80000000000001,5.0,6.5,5.3
17031071200,77.5,2.2,8.3,10.0
17031071300,75.3,0.7,5.3,13.5
17031110300,66.0,0.2,23.5,7.4
17031220300,58.199999999999996,4.3,25.4,8.3
17031220400,63.0,4.4,22.2,5.8
17031220500,59.3,5.1,25.9,3.9
17031240300,76.8,1.7,5.3,9.6
17031240500,78.8,1.0,7.4,8.8
17031060400,80.30000000000001,1.2,9.7,4.4
17031060500,73.0,4.7,8.4,14.0
17031240800,51.800000000000004,3.6,25.7,6.1
17031240600,63.2,4.5,20.5,9.0
17031240700,50.1,8.1,36.7,3.7
17031240900,36.0,9.9,37.1,12.4
17031242600,44.2,11.4,39.1,0.0
17031803100,82.0,0.6,8.7,6.1
17031310600,28.1,2.1,60.7,7.0
17031310700,18.8,6.7,61.7,9.4
17031310800,19.900000000000002,0.3,73.2,5.0
17031020602,36.8,8.9,26.0,26.0
17031310900,18.2,2.5,75.8,0.3
17031510100,10.0,12.0,77.9,0.0
17031510200,6.1,72.3,21.6,0.0
17031561100,45.300000000000004,0.2,52.3,1.0
17031190701,22.400000000000002,1.9,71.8,1.0
17031020901,22.2,24.1,25.7,22.4
17031010202,30.0,33.0,19.4,10.9
17031570100,13.100000000000001,0.0,79.5,6.1
17031570200,13.100000000000001,0.0,74.8,12.1
17031570300,14.099999999999998,0.0,82.1,3.4
17031570400,15.6,0.1,80.6,3.7
17031570500,17.7,0.0,79.1,2.9
17031690400,0.0,97.2,2.1,0.0
17031691300,0.0,98.2,1.5,0.0
17031691400,0.0,90.1,4.2,0.9
17031691500,4.9,92.9,2.2,0.0
17031320400,58.199999999999996,13.5,8.4,16.4
17031580100,15.1,4.1,42.1,38.7
17031580200,4.3999999999999995,0.0,83.2,12.4
17031580300,5.800000000000001,1.1,75.4,16.6
17031580400,8.3,0.4,75.3,16.0
17031580600,6.0,4.1,77.7,10.7
17031580700,6.4,2.0,87.5,3.7
17031681300,0.6,95.7,0.7,3.0
17031681400,0.1,93.8,4.3,0.1
17031690300,3.9,94.2,1.4,0.0
17031690500,0.0,100.0,0.0,0.0
17031690900,0.8999999999999999,95.2,1.0,0.0
17031691000,1.0999999999999999,96.8,0.6,0.0
17031700100,1.2,59.1,36.0,0.2
17031700200,6.6000000000000005,14.7,76.6,1.8
17031320600,53.900000000000006,10.3,14.2,18.6
17031330200,46.400000000000006,28.8,3.7,14.3
17031590500,21.4,5.9,41.6,25.8
17031590600,19.2,2.2,64.2,14.1
17031671200,1.4000000000000001,77.3,19.9,0.0
17031671100,0.0,100.0,0.0,0.0
17031671300,0.0,87.1,12.9,0.0
17031671500,0.4,87.2,12.4,0.0
17031671600,2.1999999999999997,93.1,1.8,2.9
17031671800,0.5,84.8,10.0,0.0
17031671900,0.0,65.6,31.6,2.8
17031710100,0.0,90.7,8.5,0.8
17031710200,2.3,97.2,0.0,0.0
17031710400,1.4000000000000001,92.8,3.2,1.0
17031710500,0.2,89.2,5.0,0.5
17031710600,6.2,88.2,3.1,0.0
17031710800,0.4,98.4,0.1,0.8
17031340300,13.0,0.0,15.4,71.3
17031340500,46.800000000000004,6.0,8.5,35.9
17031340600,7.000000000000001,82.2,0.0,5.8
17031430200,5.5,87.3,5.1,0.7
17031430300,1.7999999999999998,95.7,2.5,0.0
17031030604,53.1,17.6,8.6,12.7
17031031502,39.300000000000004,34.4,16.7,4.3
17031081402,51.300000000000004,5.6,11.5,28.9
17031080201,89.0,0.0,2.0,4.4
17031760802,86.9,1.9,10.6,0.5
17031140601,28.7,10.6,43.3,16.3
17031070102,75.2,5.7,5.6,8.2
17031210502,27.800000000000004,2.0,59.5,2.6
17031540102,0.3,98.7,0.7,0.0
17031700402,6.4,59.8,31.8,0.1
17031830100,10.5,81.0,5.8,0.0
17031830201,8.9,88.2,0.5,0.7
17031830300,15.5,76.6,6.4,0.9
17031830400,16.3,70.8,10.1,0.0
17031812700,63.3,17.8,8.2,6.1
17031030800,71.0,4.5,10.4,5.4
17031031100,68.7,12.5,7.3,5.2
17031811702,31.4,2.4,62.2,3.4
17031812100,53.5,31.6,6.0,2.1
17031821800,54.50000000000001,19.6,16.6,0.9
17031821900,62.3,14.5,16.1,4.1
17031822000,61.3,1.9,31.8,1.3
17031822101,75.7,2.7,20.9,0.6
17031828601,55.400000000000006,28.2,13.2,0.0
17031828602,34.2,55.4,4.9,1.0
17031828701,27.500000000000004,62.6,8.0,0.0
17031828702,23.3,60.6,5.3,0.7
17031822900,65.10000000000001,10.4,22.1,0.7
17031031300,54.50000000000001,14.5,13.3,12.8
17031031900,72.5,9.6,9.6,2.7
17031813500,6.4,3.8,89.6,0.2
17031813600,6.800000000000001,0.2,92.7,0.3
17031822102,42.1,22.7,24.3,2.7
17031822200,70.3,4.8,16.1,2.9
17031822301,72.0,1.4,24.2,1.3
17031822302,74.9,6.2,15.6,2.4
17031822500,66.3,4.8,22.9,1.0
17031828900,12.9,48.4,37.0,0.2
17031828802,24.9,35.7,32.9,0.0
17031813900,6.800000000000001,7.0,85.7,0.4
17031822601,74.2,1.0,22.0,1.4
17031822701,56.10000000000001,12.1,26.1,4.5
17031822702,59.599999999999994,6.3,29.6,0.5
17031822801,58.4,10.3,26.7,2.8
17031823002,73.5,5.5,20.8,0.0
17031814000,10.4,1.9,86.9,0.0
17031814100,4.7,1.5,91.0,0.0
17031814200,5.0,1.5,92.6,0.5
17031814300,6.4,2.0,89.1,0.0
17031814400,14.2,1.0,83.4,1.1
17031823101,77.10000000000001,2.4,12.5,2.5
17031823302,40.1,32.9,21.0,1.9
17031823303,55.60000000000001,12.4,29.2,0.0
17031823500,33.900000000000006,18.0,47.9,0.1
17031814500,14.6,2.0,81.7,0.9
17031814600,23.3,6.7,64.1,4.9
17031814800,32.4,12.4,50.2,4.4
17031814900,25.8,16.6,46.8,7.6
17031815000,16.400000000000002,9.9,71.1,1.9
17031815100,12.0,16.9,68.8,2.2
17031823602,78.3,4.6,11.4,3.6
17031823604,85.0,0.5,12.4,1.8
17031823605,78.3,6.1,12.6,0.6
17031823702,71.89999999999999,12.5,10.6,1.6
17031160501,28.7,14.6,48.4,7.3
17031815200,22.8,3.9,72.7,0.5
17031815300,41.4,1.0,53.8,2.4
17031815400,52.5,5.9,36.5,5.1
17031815500,16.400000000000002,4.5,77.3,1.5
17031823704,72.5,5.2,17.9,2.2
17031823705,76.9,2.7,15.6,1.7
17031815800,77.4,2.6,15.2,1.7
17031815900,50.3,28.6,7.9,11.0
17031816000,64.3,17.4,6.4,3.9
17031816200,36.0,7.4,53.9,1.1
17031824507,77.9,3.8,11.8,4.1
17031824602,66.2,11.2,14.3,5.9
17031824701,50.8,8.7,34.5,1.1
17031824702,34.1,11.0,42.7,4.2
17031825200,42.8,14.8,34.2,6.4
17031040100,64.7,8.5,18.3,3.0
17031040300,43.4,4.5,24.6,25.9
17031816300,16.900000000000002,1.3,80.1,0.8
17031816401,8.1,0.8,91.0,0.0
17031816402,7.7,5.2,87.1,0.0
17031816600,3.5999999999999996,1.2,93.2,0.3
17031816700,15.8,4.4,69.8,7.3
17031825503,8.4,86.0,1.5,1.0
17031825504,6.6000000000000005,85.7,6.2,0.0
17031825505,5.800000000000001,86.2,3.0,4.0
17031825700,10.2,65.2,23.8,0.2
17031808800,81.10000000000001,1.4,2.4,9.2
17031611600,0.0,58.4,41.5,0.0
17031340400,24.6,7.5,3.9,55.3
17031816800,27.500000000000004,24.9,44.8,1.6
17031770700,65.2,0.9,27.3,5.2
17031806102,63.7,9.5,12.2,13.7
17031430700,4.6,92.1,2.9,0.0
17031808100,80.10000000000001,4.9,4.7,8.4
17031804810,66.0,5.7,15.5,11.5
17031808500,64.4,1.6,9.7,21.7
17031800200,92.10000000000001,2.1,2.4,2.5
17031191000,5.0,2.0,92.8,0.2
17031560400,14.399999999999999,0.0,84.6,0.9
17031710700,0.5,98.0,0.0,0.0
17031550100,37.2,18.2,42.8,1.0
17031283200,26.6,51.8,4.9,11.2
17031100500,72.7,0.8,11.9,10.2
17031801607,52.400000000000006,1.8,5.0,36.4
17031804106,61.8,0.2,3.1,32.0
17031801606,74.5,0.9,1.4,17.4
